country;year;iso_code;population;gdp;coal_cons_change_pct;coal_cons_change_twh;coal_cons_per_capita;coal_consumption;coal_elec_per_capita;coal_electricity;coal_prod_change_pct;coal_prod_change_twh;coal_prod_per_capita;coal_production;coal_share_elec;coal_share_energy;electricity_demand;electricity_generation;electricity_share_energy;energy_cons_change_pct;energy_cons_change_twh;energy_per_capita;energy_per_gdp
Russia;1985;RUS;142896384;1.80E+12;0;0;16122.767;2303.885;968.202;138.353;0;0;15122.285;2160.92;14.382;24.111;0;962;10.068;0;0;66867.602;5.321
Russia;1986;RUS;144046480;1.84E+12;2.716;62.576;16428.453;2366.461;999.946;144.039;3.427;74.057;15515.664;2234.977;14.384;24.335;0;1001.4;10.298;1.772;169.317;67509.156;5.284
Russia;1987;RUS;145312016;1.84E+12;1.526;36.103;16533.83;2402.564;1029.463;149.593;0.811;18.115;15505.201;2253.092;14.284;23.924;0;1047.3;10.429;3.272;318.169;69110.766;5.462
Russia;1988;RUS;146464384;1.87E+12;-1.476;-35.462;16161.621;2367.102;1034.388;151.501;3.213;72.402;15877.542;2325.494;14.219;23.166;0;1065.5;10.428;1.747;175.436;69764.812;5.47
Russia;1989;RUS;147341504;1.88E+12;-3.305;-78.234;15534.438;2288.867;1042.487;153.602;-3.806;-88.514;15182.28;2236.98;14.269;22.318;0;1076.5;10.496;0.37;37.769;69605.836;5.452
Russia;1990;RUS;148005696;1.83E+12;-7.368;-168.654;14325.215;2120.213;1059.788;156.855;-3.527;-78.904;14581.033;2158.076;14.494;21.042;0;1082.2;10.74;-1.752;-179.727;68079.156;5.491
Russia;1991;RUS;148455408;1.78E+12;-8.362;-177.302;13087.506;1942.911;1042.306;154.736;-8.039;-173.491;13368.221;1984.585;14.486;19.549;0;1068.163;10.748;-1.364;-137.46;66946.992;5.591
Russia;1992;RUS;148725600;1.56E+12;-6.032;-117.204;12275.671;1825.707;1036.213;154.111;-4.108;-81.519;12795.819;1903.066;15.282;19.084;0;1008.45;10.541;-3.743;-372.023;64323.957;6.152
Russia;1993;RUS;148897280;1.45E+12;-9.741;-177.837;11067.158;1647.87;996.604;148.392;-9.813;-186.749;11526.851;1716.317;15.513;18.476;0;956.587;10.725;-6.768;-647.488;59901.234;6.153
Russia;1994;RUS;148829120;1.30E+12;-12.54;-206.645;9683.758;1441.225;1091.754;162.485;-11.002;-188.835;10263.326;1527.482;18.55;17.709;0;875.914;10.763;-8.753;-780.707;54683.012;6.282
Russia;1995;RUS;148557456;1.27E+12;-3.669;-52.88;9345.514;1388.346;1079.017;160.296;-5.045;-77.062;9763.356;1450.419;18.638;18.026;0;860.027;11.166;-5.362;-436.391;51845.484;6.062
Russia;1996;RUS;148233408;1.25E+12;-1.852;-25.709;9192.509;1362.637;1083.633;160.631;-3.122;-45.283;9479.217;1405.137;18.961;18.381;0;847.183;11.428;-3.75;-288.831;50010.332;5.908
Russia;1997;RUS;147939968;1.30E+12;-7.793;-106.189;8492.959;1256.448;1061.393;157.022;-3.998;-56.173;9118.317;1348.964;18.825;17.921;0;834.131;11.897;-5.425;-402.197;47390.879;5.394
Russia;1998;RUS;147672720;1.26E+12;-6.367;-79.998;7966.607;1176.451;1103.607;162.973;-6.156;-83.038;8572.507;1265.925;19.703;16.811;0;827.158;11.82;-0.186;-13.059;47388.211;5.556
Russia;1999;RUS;147336384;1.37E+12;0.811;9.542;8049.557;1185.993;1095.054;161.341;8.232;104.205;9299.334;1370.13;19.066;16.736;0;846.225;11.941;1.266;88.591;48097.676;5.176
Russia;2000;RUS;146844848;1.54E+12;3.715;44.064;8376.573;1230.057;1129.219;165.82;3.149;43.147;9624.291;1413.278;19.895;17.051;819.42;833.47;11.553;1.8;127.553;49127.297;4.683
Russia;2001;RUS;146235520;1.65E+12;-2.451;-30.149;8205.312;1199.908;1090.433;159.46;5.703;80.596;10215.53;1493.873;18.911;16.374;827.29;843.23;11.507;1.583;114.177;50112.773;4.44
Russia;2002;RUS;145590144;1.77E+12;0.419;5.031;8276.242;1204.939;1105.157;160.9;-4.578;-68.384;9791.109;1425.489;18.999;16.51;838.78;846.88;11.604;-0.407;-29.807;50130.184;4.115
Russia;2003;RUS;144946720;1.95E+12;0.62;7.474;8364.546;1212.413;1119.653;162.29;8.11;115.602;10632.123;1541.091;18.68;16.277;855.39;868.77;11.664;2.055;150.006;51387.617;3.826
Russia;2004;RUS;144353648;2.14E+12;-4.179;-50.662;8047.956;1161.752;1049.714;151.53;3.487;53.73;11048.019;1594.822;17.098;15.461;878.61;886.23;11.794;0.881;65.621;52053.328;3.519
Russia;2005;RUS;143800048;2.32E+12;-5.324;-61.849;7648.833;1099.903;1085.605;156.11;-1.123;-17.91;10966.003;1576.912;17.311;14.658;889.43;901.81;12.018;-0.136;-10.186;52182.891;3.233
Russia;2006;RUS;143338672;2.57E+12;2.588;28.46;7872.004;1128.363;1176.514;168.64;3.975;62.686;11438.626;1639.597;17.894;14.398;926.61;942.42;12.025;4.438;333.034;54674.262;3.054
Russia;2007;RUS;143117680;2.85E+12;-3.201;-36.119;7631.786;1092.244;1118.45;160.07;1.787;29.308;11661.068;1668.905;16.658;13.864;948.12;960.92;12.197;0.528;41.398;55047.945;2.762
Russia;2008;RUS;143086544;3.07E+12;7.243;79.11;8186.333;1171.354;1296.558;185.52;3.805;63.5;12107.391;1732.405;18.835;14.8;967.32;984.95;12.445;0.461;36.292;55313.555;2.578
Russia;2009;RUS;143163648;2.90E+12;-8.503;-99.605;7486.181;1071.749;1081.42;154.82;-4.84;-83.852;11515.161;1648.552;16.465;14.248;925.42;940.28;12.5;-4.958;-392.436;52542.598;2.596
Russia;2010;RUS;143242592;3.10E+12;-1.748;-18.731;7351.288;1053.018;1093.739;156.67;6.495;107.07;12256.29;1755.623;15.932;13.475;965.89;983.34;12.583;3.887;292.387;54554.844;2.521
Russia;2011;RUS;143364544;3.30E+12;3.837;40.4;7626.835;1093.418;1081.23;155.01;4.386;76.998;12782.94;1832.62;15.51;13.531;976.87;999.42;12.368;3.405;266.052;56364.211;2.448
Russia;2012;RUS;143629360;3.42E+12;4.689;51.272;7969.747;1144.69;1109.731;159.39;6.796;124.541;13626.473;1957.161;15.708;14.083;998.25;1014.73;12.484;0.592;47.799;56593.086;2.376
Russia;2013;RUS;143956864;3.47E+12;-8.035;-91.977;7312.695;1052.713;1060.943;152.73;2.871;56.189;13985.792;2013.351;15.206;13.105;990.72;1004.4;12.504;-1.179;-95.822;55798.707;2.313
Russia;2014;RUS;144285072;3.56E+12;-3.276;-34.485;7057.053;1018.227;1035.312;149.38;2.007;40.412;14234.062;2053.763;14.812;12.637;1000.45;1008.5;12.516;0.311;24.943;55844.656;2.263
Russia;2015;RUS;144668384;3.46E+12;5.218;53.128;7405.596;1071.356;1033.882;149.57;5.52;113.371;14980.012;2167.134;14.793;13.509;999.4;1011.06;12.749;-1.576;-126.995;54818.855;2.29
Russia;2016;RUS;145109152;3.46E+12;-3.116;-33.378;7153.08;1037.977;1113.989;161.65;4.095;88.737;15546.029;2255.871;15.631;12.826;1019.63;1034.13;12.779;2.044;162.073;55769.246;2.338
Russia;2017;RUS;145452544;3.52E+12;-5.961;-61.872;6710.82;976.106;1133.153;164.82;6.099;137.583;16455.223;2393.454;15.892;11.989;1026.54;1037.14;12.739;0.606;49.032;55974.684;2.31
Russia;2018;RUS;145652288;3.61E+12;3.253;31.75;6919.602;1007.856;1151.853;167.77;7.075;169.333;17595.238;2562.787;16.015;11.939;1034.99;1047.59;12.41;3.686;300.093;57958.258;2.336
Russia;2019;RUS;145742288;0;-1.696;-17.096;6798.025;990.76;1218.521;177.59;0.032;0.814;17589.959;2563.601;16.697;11.825;1045.15;1063.58;12.695;-0.753;-63.583;57486.199;0
Russia;2020;RUS;145617328;0;-7.724;-76.525;6278.334;914.234;1139.425;165.92;-8.733;-223.877;16067.616;2339.723;15.879;11.321;1036.24;1044.91;12.94;-3.615;-302.881;55455.547;0
Russia;2021;RUS;145102752;0;4.096;37.449;6558.683;951.683;1324.027;192.12;9.777;228.762;17701.148;2568.485;17.302;10.882;1092.69;1110.36;12.696;8.299;670.202;60271.016;0
